"","pv","dpsi","qv"
"chr1:27428934-27429383:-:WASF2:l",0.303918831172013,0.000435928121492119,0.474177024551099
"chr1:27428934-27484504:-:WASF2:l",0.486038073610013,0.00196441005331919,0.652429486197224
"chr1:27428934-27489985:-:WASF2:l",0.908800628470309,-0.00206887544387135,0.937102378145855
"chr1:27428934-27489985:-:WASF2:r",0.814359548626021,0.000884085762658526,0.902152957213957
"chr1:27459122-27489985:-:WASF2:r",0.15783798188972,-0.00217932255697795,0.299590564351188
"chr1:27485415-27489985:-:WASF2:r",0.48395631612054,-0.00100311478531492,0.652429486197224
"chr1:32742190-32744403:+:KIAA1522:l",0.886378775850705,-0.0012973032688102,0.920351481545332
"chr1:32742190-32767786:+:KIAA1522:l",0.265435088947475,0.000159945518730553,0.429718173731693
"chr1:32767958-32768061:+:KIAA1522:l",9.13041622332061e-05,0.0136689161908208,0.000566846673864488
"chr1:32767958-32768651:+:KIAA1522:l",0.000198164466408125,-0.013285995886108,0.00113563482672348
"chr1:32742190-32767786:+:KIAA1522:r",0.266161010946722,-0.0245245704137342,0.429718173731693
"chr1:32743211-32767786:+:KIAA1522:r",0.150626644159365,0.000315058155223866,0.292809177412054
"chr1:32754181-32767786:+:KIAA1522:r",0.414887643127666,0.0212260775957979,0.597277863053355
"chr1:32767958-32768651:+:KIAA1522:r",0.00015192956996762,-0.0105701858621795,0.000887745330399035
"chr1:32768118-32768651:+:KIAA1522:r",0.00015192956996762,0.0105701858621795,0.000887745330399035
"chr10:26751784-26755654:-:ABI1:l",1.39271952749809e-25,-0.154986967528478,8.30060838388859e-24
"chr10:26751784-26759061:-:ABI1:l",8.25170296871822e-06,0.0524862066149338,5.58865337426825e-05
"chr10:26751784-26765217:-:ABI1:l",5.56558026610815e-26,0.101933969379217,4.14635729825057e-24
"chr10:26755742-26759061:-:ABI1:l",2.73041692673487e-05,-0.036412946700292,0.000173120051950424
"chr10:26755742-26765217:-:ABI1:l",2.2005963656795e-05,0.0361724415630629,0.00014256037325489
"chr10:26759236-26763879:-:ABI1:l",0.0660611704906596,-0.00444088225152367,0.164051906718471
"chr10:26759236-26765217:-:ABI1:l",0.596325169801408,0.00606422782182658,0.756191066386466
"chr10:26759239-26763879:-:ABI1:l",0.638355335306678,-0.00609345528081295,0.786073925295
"chr10:26759239-26765217:-:ABI1:l",0.0452049835923978,0.00723362600330546,0.13078723408286
"chr10:26770346-26771074:-:ABI1:l",1.81980194116012e-11,-0.0896740860807055,2.0857729940989e-10
"chr10:26770346-26777064:-:ABI1:l",3.03199644487885e-10,0.0853395469564037,3.34642570582925e-09
"chr10:26777242-26787127:-:ABI1:l",0.0339606916746126,-0.00175843395120938,0.105419647073277
"chr10:26777242-26823137:-:ABI1:l",0.0701412168620606,0.000987369393019799,0.166826891241166
"chr10:26777242-26860746:-:ABI1:l",0.418663390588579,0.000663168511326179,0.599815819208637
"chr10:26751784-26759061:-:ABI1:r",2.98571952707541e-23,0.147204747342956,1.32965798745138e-21
"chr10:26751784-26765217:-:ABI1:r",1.687272118887e-28,0.111040996487243,1.67602363809442e-26
"chr10:26755742-26759061:-:ABI1:r",3.12335768864419e-23,-0.147260263584255,1.32965798745138e-21
"chr10:26755742-26765217:-:ABI1:r",0.219224122084288,0.00822974591264276,0.382039698135193
"chr10:26759236-26765217:-:ABI1:r",0.00100206057412185,-0.0208464550158554,0.00481635566271472
"chr10:26759239-26765217:-:ABI1:r",1.48327712748065e-19,-0.0914590863000333,2.45564768882908e-18
"chr10:26763961-26765217:-:ABI1:r",0.067975047315395,-0.00515544225573944,0.166037410655637
"chr10:26765319-26770244:-:ABI1:r",0.00455428368410832,0.00312162196624793,0.019388236255204
"chr10:26768993-26770244:-:ABI1:r",0.00449249696279422,-0.00318411177651123,0.019388236255204
"chr10:26770346-26777064:-:ABI1:r",1.78563131262888e-16,0.118951678394871,2.41871877801549e-15
"chr10:26771090-26777064:-:ABI1:r",8.9599010896978e-17,-0.119131386506325,1.27145263082378e-15
"chr12:54509986-54510348:+:NCKAP1L:l",0.858677314972937,-0.000218391213873849,0.916728711950139
"chr12:54509986-54510368:+:NCKAP1L:l",0.656540509055146,0.00110503085174753,0.798567639585443
"chr12:54509986-54511802:+:NCKAP1L:l",0.848418492851019,-0.000996423326088736,0.914850588409935
"chr12:54517939-54518607:+:NCKAP1L:l",0.515378318002903,-0.00431673577122582,0.674131438818728
"chr12:54517939-54518650:+:NCKAP1L:l",0.0388491436019531,0.0102676617721628,0.113599110931595
"chr12:54518733-54518913:+:NCKAP1L:l",0.186451340194501,-0.0085074828918893,0.340874229312646
"chr12:54518733-54518943:+:NCKAP1L:l",0.201172648401893,0.00823392998675739,0.355655813533725
"chr12:54526747-54528246:+:NCKAP1L:l",0.774463542771293,0.0018428590266244,0.870931911551824
"chr12:54526747-54531259:+:NCKAP1L:l",0.737522910011167,-0.00185768438391547,0.851867547222201
"chr12:54531358-54531490:+:NCKAP1L:l",0.290170067983403,-0.000192033390732593,0.457516826767483
"chr12:54531358-54531493:+:NCKAP1L:l",0.290170067983403,0.000192033390732549,0.457516826767483
"chr12:54497892-54499354:+:NCKAP1L:r",0.131489991499939,-0.00157305809953923,0.261226783113212
"chr12:54498836-54499354:+:NCKAP1L:r",0.155617316614655,0.00151951344329597,0.299186840975273
"chr12:54509986-54511802:+:NCKAP1L:r",0.0505473392479675,0.0054977770347665,0.13964105767409
"chr12:54510467-54511802:+:NCKAP1L:r",0.0505473392479675,-0.00549777703476652,0.13964105767409
"chr12:54512106-54516895:+:NCKAP1L:r",0.0615762527197667,0.00351641885477056,0.158400457309264
"chr12:54516296-54516895:+:NCKAP1L:r",0.0611734454449106,-0.00379273828002613,0.158400457309264
"chr12:54528378-54531259:+:NCKAP1L:r",0.983950037241568,0.00141069860293253,0.990598348304012
"chr12:110436205-110436546:-:ARPC3:l",0.0105948331675956,0.0224710727739339,0.0394657535492935
"chr12:110436205-110436556:-:ARPC3:l",0.000275769198477535,0.173876568761763,0.00155055134238312
"chr12:110436205-110436664:-:ARPC3:l",0.030302924997932,0.106282911512778,0.0950554910461444
"chr12:110436205-110437083:-:ARPC3:l",3.66100115917663e-09,-0.307147324136451,3.51928498527301e-08
"chr12:110435218-110436109:-:ARPC3:r",0.207832376912538,-0.00140829397964937,0.364317931293743
"chr12:110436179-110436556:-:ARPC3:r",0.470429337421219,0.00134524688078326,0.64230723628269
"chr12:110436202-110436556:-:ARPC3:r",0.0781139715844514,0.0752699212923362,0.179061257939742
"chr12:110436205-110436556:-:ARPC3:r",0.139445850372633,-0.0550102026312796,0.273387259283188
"chr12:110436205-110437083:-:ARPC3:r",8.10112702784797e-08,-0.00405813341796301,6.89753101228199e-07
"chr12:110436230-110436556:-:ARPC3:r",0.496745232838241,-0.0182327947362114,0.660848568686588
"chr12:110436684-110437083:-:ARPC3:r",7.34944926777953e-08,0.00409255961234256,6.44157612293617e-07
"chr12:110437153-110445451:-:ARPC3:r",4.54620239391971e-10,-0.0172152647716815,4.83845826210026e-09
"chr12:110440389-110445451:-:ARPC3:r",0.000507519855742029,0.0131261989508918,0.00256340537306991
"chr12:110445244-110445451:-:ARPC3:r",0.191461005788666,0.000293903862706979,0.347898656859892
"chr13:26613059-26613436:+:WASF3:l",0.644572283395257,0.00173527426973874,0.79046312943122
"chr13:26613059-26642260:+:WASF3:l",0.0101958724057588,-0.0102755491161158,0.0384603794546344
"chr13:26671990-26676548:+:WASF3:l",7.20791913572923e-23,0.341320184423113,2.38662211383034e-21
"chr13:26671990-26680034:+:WASF3:l",1.52017437967394e-22,-0.345176749647038,3.79421195353919e-21
"chr13:26671990-26681053:+:WASF3:l",0.10680791220159,0.00473784374987792,0.224146181944182
"chr13:26557820-26642260:+:WASF3:r",0.0116737610618645,-0.00588375743004074,0.0429479110671064
"chr13:26613059-26642260:+:WASF3:r",0.694811219209802,0.000539656771265662,0.816893075011107
"chr13:26642404-26665027:+:WASF3:r",0.0790093143578174,0.000107846544536327,0.179731112050608
"chr13:26645366-26665027:+:WASF3:r",0.0124293880953669,-0.00197028590697569,0.0451702152734064
"chr13:26671990-26680034:+:WASF3:r",0.90140639903816,-0.0118431080157174,0.932705232338096
"chr13:26671990-26681053:+:WASF3:r",0.617942363021925,0.0108462587779852,0.778843309081697
"chr13:26676725-26680034:+:WASF3:r",0.45624252346085,0.0172273238474519,0.639284266275138
"chr13:26676725-26681053:+:WASF3:r",9.92949764721168e-15,0.347923712849445,1.23291262452878e-13
"chr13:26680202-26681053:+:WASF3:r",1.70517064240733e-15,-0.358594887452346,2.20930804972776e-14
"chr15:22914883-22916476:-:CYFIP1:l",2.35687139682291e-22,-0.111826567777668,5.40267443271713e-21
"chr15:22914883-22916881:-:CYFIP1:l",1.5278705853178e-22,0.111736040783227,3.79421195353919e-21
"chr15:22918859-22925981:-:CYFIP1:l",0.113726418211651,0.000732012128367932,0.23212652484296
"chr15:22918859-22927905:-:CYFIP1:l",0.861195083277963,9.40848904371677e-06,0.916728711950139
"chr15:22928029-22931904:-:CYFIP1:l",0.971782641057615,-0.000254575843159504,0.985004173589011
"chr15:22928029-22932222:-:CYFIP1:l",0.456938082941626,-0.00087828882550367,0.639284266275138
"chr15:22944940-22946991:-:CYFIP1:l",0.00673197824628369,-0.000772955777320284,0.0271098583431424
"chr15:22944940-22947002:-:CYFIP1:l",0.0671201872252187,-0.00784862150530297,0.165304262753018
"chr15:22944940-22947168:-:CYFIP1:l",0.0024608529760715,0.00896281675916885,0.0114583466698329
"chr15:22947292-22947910:-:CYFIP1:l",0.000874360877888462,-0.00797908060395431,0.00427146789525839
"chr15:22947292-22980286:-:CYFIP1:l",1.75461368122055e-07,0.0310703040255023,1.41317534325331e-06
"chr15:22916631-22917787:-:CYFIP1:r",1.42949074606052e-19,-0.116151052620748,2.45564768882908e-18
"chr15:22917030-22917787:-:CYFIP1:r",5.90223966243712e-20,0.116378095511118,1.09929213712891e-18
"chr15:22918859-22927905:-:CYFIP1:r",0.881327563473138,-3.75925427463461e-05,0.920351481545332
"chr15:22926108-22927905:-:CYFIP1:r",0.850381251642792,-4.19973883869496e-06,0.914850588409935
"chr15:22944940-22947168:-:CYFIP1:r",0.00327863713238067,0.00773786971648871,0.0148035434159006
"chr15:22947093-22947168:-:CYFIP1:r",0.0035721446373808,-0.00796790069077136,0.0158880462976042
"chr15:22947292-22980286:-:CYFIP1:r",0.0066196225722739,0.0140319126822019,0.0270225688566798
"chr15:22947319-22980286:-:CYFIP1:r",0.00630485112324996,-0.0145385387419511,0.0260950782601179
"chr17:49210842-49211106:+:ABI3:l",0.19859706491071,-0.00319496007425069,0.354382786487375
"chr17:49210842-49216530:+:ABI3:l",0.883508735129994,0.00541106159715654,0.920351481545332
"chr17:49217916-49219043:+:ABI3:l",0.861355836731675,-0.00470461698075073,0.916728711950139
"chr17:49217916-49219516:+:ABI3:l",0.442953085220395,-0.000253947980630093,0.625592508984255
"chr17:49217916-49219539:+:ABI3:l",0.633561981593741,0.00454440444078796,0.786073925295
"chr17:49219954-49220168:+:ABI3:l",0.500497047537368,-0.0104921838864009,0.662880534071715
"chr17:49219954-49220171:+:ABI3:l",0.320246079539992,0.0115266231321626,0.489401701040602
"chr17:49220327-49222069:+:ABI3:l",0.00878216180521316,0.0158769150598973,0.0339881067266691
"chr17:49220327-49222090:+:ABI3:l",0.00878216180521316,-0.0159913315358698,0.0339881067266691
"chr17:49220327-49222551:+:ABI3:l",0.676824114302679,0.00011441647597254,0.813280588960477
"chr17:49208891-49216530:+:ABI3:r",0.827559310862693,0.000560565752981034,0.906664244989274
"chr17:49210842-49216530:+:ABI3:r",0.685821083782624,0.00401793477706569,0.816893075011107
"chr17:49216681-49217738:+:ABI3:r",0.0728778591361427,0.00878781255943253,0.171004740335201
"chr17:49216699-49217738:+:ABI3:r",0.465027839332092,-0.00295377576959188,0.641566185745201
"chr17:49217916-49219539:+:ABI3:r",0.387594732247469,0.00739100299901319,0.567981836262108
"chr17:49219147-49219539:+:ABI3:r",0.550864357531671,-0.00637205206447321,0.716845321154751
"chr2:65227958-65239851:+:ACTR2:r",0.0612622062123805,-0.000155198641906606,0.158400457309264
"chr2:65231646-65239851:+:ACTR2:r",0.314989818157461,3.54021892024329e-05,0.484246120417812
"chr2:113890324-113913171:+:ACTR3:l",0.259545036707265,-5.35247375998971e-06,0.424969345817389
"chr2:113890324-113916883:+:ACTR3:l",0.241189422990006,-9.76717990438284e-05,0.406070327971874
"chr2:113931397-113934157:+:ACTR3:l",2.21598862371694e-09,-0.0341000723630471,2.20121536622549e-08
"chr2:113931397-113934278:+:ACTR3:l",1.55006950491256e-09,0.034130025756251,1.59283004297911e-08
"chr2:113890324-113916883:+:ACTR3:r",0.22534775791747,-1.88786002231433e-05,0.38673930370065
"chr2:113913228-113916883:+:ACTR3:r",0.0818269713024613,-0.000242132958066521,0.183341634948372
"chr2:182942164-182943146:-:NCKAP1:l",0.0775593172021539,0.000354215339651462,0.179061257939742
"chr2:182942164-182952404:-:NCKAP1:l",0.568212445818961,-0.000216448056484686,0.729859089888149
"chr2:183003326-183023805:-:NCKAP1:l",0.222913641085678,-0.000931547072298256,0.38621084327635
"chr2:183003326-183037991:-:NCKAP1:l",0.747889916626952,0.000410531124991825,0.86050654499935
"chr2:183023917-183024977:-:NCKAP1:l",0.20169742445369,0.0277594689159527,0.355655813533725
"chr2:183023917-183037991:-:NCKAP1:l",0.0614617540722743,-0.0279985094267576,0.158400457309264
"chr2:183003320-183023805:-:NCKAP1:r",0.274727917446561,0.0163135544487947,0.44015548064019
"chr2:183003326-183023805:-:NCKAP1:r",0.327027086689038,-0.016586099382123,0.497214652210884
"chr2:183023917-183037991:-:NCKAP1:r",0.112355645373612,-0.0273017132122335,0.231920986664529
"chr2:183024996-183037991:-:NCKAP1:r",0.361724398373526,0.0262830677747313,0.538969353576554
"chr2:203328632-203366876:+:ABI2:l",0.0355409928786057,0.0129211035168957,0.109187792554892
"chr2:203328632-203366880:+:ABI2:l",0.018779524999416,-0.00973055092117887,0.0614977851629229
"chr2:203328632-203380207:+:ABI2:l",0.25920183294707,0.00392750794812125,0.424969345817389
"chr2:203367045-203375931:+:ABI2:l",0.252642106446128,0.00110424795395262,0.420599707938247
"chr2:203367045-203376056:+:ABI2:l",4.76920552354658e-06,0.0266843198460968,3.30517033957414e-05
"chr2:203367045-203380207:+:ABI2:l",4.74435454288524e-07,-0.030251246359383,3.72057277310474e-06
"chr2:203367045-203380211:+:ABI2:l",0.236298043972949,0.00110656714150019,0.400095551726925
"chr2:203367045-203402575:+:ABI2:l",0.689739172547924,8.59473560534635e-05,0.816893075011107
"chr2:203380385-203382188:+:ABI2:l",0.00720766429928799,0.0118451319543388,0.0286384528158376
"chr2:203380385-203383242:+:ABI2:l",0.398103108400454,0.00289863507549926,0.578705981967489
"chr2:203380385-203390001:+:ABI2:l",0.846677399338403,9.48204760662641e-05,0.914850588409935
"chr2:203380385-203391045:+:ABI2:l",0.0133651453860778,-0.0196693691298659,0.0479857027114602
"chr2:203380385-203394796:+:ABI2:l",0.133980179784873,0.000898768884759073,0.264411215734386
"chr2:203391144-203394699:+:ABI2:l",0.347595829663074,0.00659634670928355,0.525804859084244
"chr2:203391144-203395655:+:ABI2:l",0.619415651853565,-0.00510338285384362,0.778843309081697
"chr2:203391144-203402575:+:ABI2:l",0.515778416277416,-0.000407771539135226,0.674131438818728
"chr2:203394847-203395655:+:ABI2:l",0.0376255770101934,-0.0195442637035097,0.113256787364017
"chr2:203394847-203395658:+:ABI2:l",0.0924947075038861,0.0108557503240368,0.201192867417212
"chr2:203394847-203402575:+:ABI2:l",0.162842743976959,0.00860133704868143,0.307133782943885
"chr2:203395781-203396784:+:ABI2:l",0.0285996747607866,0.000974594173635702,0.0906670540288768
"chr2:203395781-203402575:+:ABI2:l",0.112847459954217,-0.000314034471608937,0.231920986664529
"chr2:203402735-203407883:+:ABI2:l",0.0899768523547785,-0.0027951628886703,0.197155161777382
"chr2:203402735-203411284:+:ABI2:l",0.000301357127545857,-0.0418659572167327,0.00166304488904936
"chr2:203402735-203416907:+:ABI2:l",0.000145635343528622,0.0434712064862882,0.000885700660643459
"chr2:203411372-203416907:+:ABI2:l",0.461108605025853,-0.00116947680235624,0.640228077488631
"chr2:203411372-203416913:+:ABI2:l",0.250380527102202,0.00589463139479676,0.419176388069979
"chr2:203325118-203366876:+:ABI2:r",0.380513918129656,-0.000300067446166549,0.561352215854641
"chr2:203328632-203366876:+:ABI2:r",0.126588558938162,0.00524121586478721,0.253177117876323
"chr2:203328632-203380207:+:ABI2:r",0.225814224308433,0.00416232362344991,0.38673930370065
"chr2:203346477-203366876:+:ABI2:r",0.0182045927672781,0.00227620572767713,0.0602774293849874
"chr2:203351679-203366876:+:ABI2:r",0.841021920446085,-0.00206866021841691,0.914850588409935
"chr2:203355325-203366876:+:ABI2:r",0.0954877231524574,-0.00637943369406845,0.203252439281659
"chr2:203367045-203380207:+:ABI2:r",1.00464884906792e-07,-0.0295709435298878,8.31625991728449e-07
"chr2:203367045-203391045:+:ABI2:r",0.0616592384156867,0.00154834834187483,0.158400457309264
"chr2:203367045-203402575:+:ABI2:r",0.62348896761845,-0.00132769608042675,0.78067106029537
"chr2:203367131-203380207:+:ABI2:r",0.053791659158026,0.00286315809167236,0.144413643505331
"chr2:203376133-203380207:+:ABI2:r",2.14758247263782e-06,0.0224318884729363,1.59994894211518e-05
"chr2:203380385-203391045:+:ABI2:r",0.0939061764429852,-0.0143184840863194,0.201324032949709
"chr2:203380385-203394699:+:ABI2:r",0.0164434767093962,-0.00129892595883384,0.0563236328666675
"chr2:203382207-203391045:+:ABI2:r",0.00395762271776958,0.0111075183895412,0.0173436995572844
"chr2:203383322-203391045:+:ABI2:r",0.877903131716153,0.00127178565624485,0.920351481545332
"chr2:203391144-203394699:+:ABI2:r",0.0168925561842651,0.00150005907444961,0.057204337987625
"chr2:203391144-203395655:+:ABI2:r",0.292951864979639,-0.010924138978103,0.45947187244175
"chr2:203391144-203402575:+:ABI2:r",0.666257518144727,-0.000805486491468881,0.803824859947889
"chr2:203394847-203395655:+:ABI2:r",0.310942328876065,0.0107763489435921,0.482608406276393
"chr2:203394847-203402575:+:ABI2:r",0.064929734972348,0.010844182686957,0.162597151443359
"chr2:203395781-203402575:+:ABI2:r",0.0517952438550367,-0.0116120043484221,0.14160534558533
"chr2:203402735-203411284:+:ABI2:r",0.00316122760540768,0.00844897423834534,0.0144930127140229
"chr2:203402735-203416907:+:ABI2:r",0.00033522216395715,0.0411129499547693,0.0018162946338042
"chr2:203403362-203411284:+:ABI2:r",0.109755612552611,-0.00163653847798139,0.228721486298448
"chr2:203408003-203411284:+:ABI2:r",0.0207585285571369,-0.00639640295477547,0.067239581630726
"chr2:203411372-203416907:+:ABI2:r",0.00039929852526873,-0.0410473571276858,0.00208756071105406
"chr2:218217255-218217462:+:ARPC2:l",0.0158673618815471,0.00557641119260266,0.0549822539616399
"chr2:218217255-218225919:+:ARPC2:l",0.0173121849888235,-0.00513780285692327,0.0579666418726898
"chr2:218234398-218238663:+:ARPC2:r",2.35525299560628e-12,0.00441090545591005,2.80746157076269e-11
"chr3:9804014-9806209:+:ARPC4:l",2.56530017834333e-06,0.00321668298137867,1.86453525157637e-05
"chr3:9804014-9810620:+:ARPC4:l",1.22912988836535e-06,-0.00329887024729297,9.39181299315064e-06
"chr3:9801757-9803842:+:ARPC4:r",0.050608168553026,-0.00240252317462586,0.13964105767409
"chr3:9803708-9803842:+:ARPC4:r",0.0380518475334206,0.0011708770283731,0.113394505649594
"chr3:10115820-10118905:+:BRK1:l",5.68252230615669e-23,-0.0213992178775323,2.11673955904337e-21
"chr3:10115820-10125625:+:BRK1:l",9.60326179429292e-23,0.0211703040482422,2.86177201469929e-21
"chr3:10118971-10125611:+:BRK1:l",0.924057456405401,-0.000680293269439181,0.946285642641957
"chr3:10118971-10125625:+:BRK1:l",0.408595029561244,0.003932293066649,0.591074363151703
"chr3:10118971-10126268:+:BRK1:l",0.659361649044276,-0.00085548818403094,0.798738908191847
"chr3:10115815-10118905:+:BRK1:r",0.0526331060438435,0.00156063045489153,0.142587869100594
"chr3:10115820-10118905:+:BRK1:r",0.0705375446187482,-0.00182839441559368,0.166826891241166
"chr3:10115820-10125625:+:BRK1:r",2.93687744674263e-17,0.0137324783510944,4.37594739564652e-16
"chr3:10118971-10125625:+:BRK1:r",1.36049572030792e-17,-0.0143952016182024,2.13383012974611e-16
"chr5:157360373-157360554:+:CYFIP2:l",0.421852439950048,-0.00162354418263942,0.60149295265605
"chr5:157360373-157360559:+:CYFIP2:l",0.872287185354367,-0.00200382496894501,0.918521488465022
"chr5:157360373-157361467:+:CYFIP2:l",0.561336370752916,0.00341665707646555,0.724148218547052
"chr5:157389428-157390520:+:CYFIP2:l",0.490282450593762,0.00790691301951529,0.655175651466103
"chr5:157389428-157392832:+:CYFIP2:l",0.762351218187061,-0.00849859314685167,0.869486023750187
"chr5:157360373-157361467:+:CYFIP2:r",0.764447443699829,0.00765040811677209,0.869486023750187
"chr5:157360623-157361467:+:CYFIP2:r",0.79370513327819,-0.00768112697637664,0.882552722824256
"chr5:157383360-157389188:+:CYFIP2:r",0.691233413766535,0.00139189895717662,0.816893075011107
"chr5:157384531-157389188:+:CYFIP2:r",0.847230007114189,-0.000747453173408399,0.914850588409935
"chr5:157389428-157392832:+:CYFIP2:r",0.388819780528423,-0.00714957287134301,0.567981836262108
"chr5:157390669-157392832:+:CYFIP2:r",0.0500121666027829,0.00499541512929347,0.13964105767409
"chr6:110105580-110107050:-:WASF1:l",0.474186550275812,-0.00133945463931117,0.64230723628269
"chr6:110105580-110107076:-:WASF1:l",0.474186550275812,0.00133945463931118,0.64230723628269
"chr6:110108682-110111294:-:WASF1:l",0.652892330171454,-0.00169780891201535,0.797384895045464
"chr6:110108682-110113325:-:WASF1:l",0.980881213751305,0.000499551831405376,0.990598348304012
"chr6:110113461-110127468:-:WASF1:l",0.696277990110139,0.00160280293477011,0.816893075011107
"chr6:110113461-110179438:-:WASF1:l",0.461909518993475,-0.00126103404791929,0.640228077488631
"chr6:110127630-110160634:-:WASF1:l",0.0703197783226685,-0.0532417149200098,0.166826891241166
"chr6:110127630-110177146:-:WASF1:l",0.121193708854395,-0.0100250597057487,0.244025170531146
"chr6:110127630-110178597:-:WASF1:l",0.08677907341179,0.0434075602285534,0.192986297587414
"chr6:110127630-110179438:-:WASF1:l",0.157400653549235,0.0363878466612137,0.299590564351188
"chr6:110127630-110179840:-:WASF1:l",0.192686060796487,-0.0135183136701355,0.348002703741533
"chr6:110105577-110107076:-:WASF1:r",0.922391598997242,-0.00627939242083261,0.946285642641957
"chr6:110105580-110107076:-:WASF1:r",0.990086874851632,0.00510103350781188,0.993420500692883
"chr6:110108682-110113325:-:WASF1:r",0.503541915379809,-0.00315039023780161,0.663962348598155
"chr6:110111382-110113325:-:WASF1:r",0.680848292061032,0.00200895103184627,0.814830486081075
"chr6:110113461-110179438:-:WASF1:r",0.0373617485822515,-0.00952380952380952,0.113256787364017
"chr6:110127630-110179438:-:WASF1:r",0.634479944971601,0.0209232529131773,0.786073925295
"chr6:110160733-110179438:-:WASF1:r",0.0456986217663152,-0.0477633963199686,0.13094412775348
"chr6:110178743-110179438:-:WASF1:r",0.36812173385413,0.0271305795631018,0.545772520838461
"chr6:138424817-138425566:-:NHSL1:l",0.825223983033583,0.00126725252765076,0.906664244989274
"chr6:138424817-138429710:-:NHSL1:l",0.556139986944734,-0.000380746028883716,0.720563983084917
"chr6:138424817-138447000:-:NHSL1:l",0.994057404884254,-0.00189554908244151,0.994057404884254
"chr6:138424817-138429710:-:NHSL1:r",0.864792561877183,0.0009430838196407,0.917110973093952
"chr6:138427437-138429710:-:NHSL1:r",0.774486431413535,0.00191056577637665,0.870931911551824
"chr7:99326005-99333324:+:ARPC1A:l",0.070268960761687,-0.002391159433766,0.166826891241166
"chr7:99326005-99338180:+:ARPC1A:l",0.118163102621608,0.00228355818779772,0.239541527763532
"chr7:99326005-99338180:+:ARPC1A:r",0.0996977934665366,0.00109211710095284,0.210708811723602
"chr7:99333418-99338180:+:ARPC1A:r",0.151317494367303,-0.000992640348783325,0.292809177412054
"chr7:99338286-99348851:+:ARPC1A:r",0.964440071943767,-6.26538179792982e-05,0.980898093649292
"chr7:99344516-99348851:+:ARPC1A:r",0.777939004758248,0.000111227683987192,0.87152565194721
"chr7:99348960-99353908:+:ARPC1A:r",0.00969293597043862,-0.00503712355207808,0.0370319861434706
"chr7:99374782-99385701:+:ARPC1B:l",0.72039178000252,-0.00107700987074177,0.838581056409184
"chr7:99377456-99378080:+:ARPC1B:l",0.638036979635156,0.00104945559491014,0.786073925295
"chr7:99377456-99385701:+:ARPC1B:l",0.230018755878661,-0.00447061452669906,0.391689081439091
"chr7:99374782-99377337:+:ARPC1B:r",0.315247474365958,-0.0129293396638011,0.484246120417812
"chr7:99374782-99377357:+:ARPC1B:r",0.790288102297769,0.00148573266974139,0.882044398819233
"chr7:99374782-99385701:+:ARPC1B:r",0.0877555085937582,0.00471753488943771,0.193712159710666
"chr7:99376575-99377337:+:ARPC1B:r",0.427007582382809,0.00967259158989402,0.605944093095606
"chr7:99376575-99377357:+:ARPC1B:r",0.472466409395345,-0.00293084045373581,0.64230723628269
"chr7:152801732-152811696:+:ACTR3B:l",2.68417428329612e-21,-0.162924316109296,5.3325595761483e-20
"chr7:152801732-152814549:+:ACTR3B:l",6.90099687528934e-22,0.169090225403426,1.46892647774016e-20
"chr7:152814646-152816480:+:ACTR3B:l",0.282242517228251,-0.00151149088669122,0.449776845636464
"chr7:152814646-152820298:+:ACTR3B:l",0.0149262444641215,0.00370639377529183,0.0529526291703359
"chr7:152814646-152820302:+:ACTR3B:l",0.352515244630899,-0.000658640076116381,0.530553246969736
"chr7:152816589-152819366:+:ACTR3B:l",0.57711875822691,0.000349094115728856,0.73496320492145
"chr7:152816589-152819754:+:ACTR3B:l",0.182517949957133,0.00185330238226764,0.339939681795161
"chr7:152816589-152820298:+:ACTR3B:l",0.064041604941554,0.0153134538006576,0.161732188750704
"chr7:152816589-152820302:+:ACTR3B:l",0.0634341733405377,-0.017433427501111,0.161567381670771
"chr7:152825123-152842483:+:ACTR3B:l",0.0753452255264043,0.012149820131123,0.17541310317866
"chr7:152825123-152852125:+:ACTR3B:l",0.00619175249438692,-0.0365052046031551,0.0259879189201029
"chr7:152825123-152853493:+:ACTR3B:l",0.822148332887814,-0.00266010320720522,0.906664244989274
"chr7:152825123-152854457:+:ACTR3B:l",0.0154529380875669,0.0155172643855325,0.0541761829422932
"chr7:152825123-152861826:+:ACTR3B:l",0.575226499628847,0.000404994409737233,0.73496320492145
"chr7:152825123-152865095:+:ACTR3B:l",0.0274806263365035,0.00441799572614975,0.0880562005191187
"chr7:152825123-152865420:+:ACTR3B:l",0.0933566490674539,0.00176908726573706,0.201324032949709
"chr7:152825123-152887522:+:ACTR3B:l",0.185298392029532,0.00228156640482182,0.34085753595556
"chr7:152825123-152973218:+:ACTR3B:l",NA,0,NA
"chr7:152759927-152800530:+:ACTR3B:r",2.90550072667667e-06,-0.0905371096278487,2.06152194416583e-05
"chr7:152759927-152801620:+:ACTR3B:r",0.00135057183938549,-0.00853834388792289,0.0063884191767758
"chr7:152760053-152800530:+:ACTR3B:r",0.767848355474401,-0.00565170454433627,0.870033497837914
"chr7:152783243-152800530:+:ACTR3B:r",1.45190075244449e-05,0.0930633504664053,9.61480942729906e-05
"chr7:152783243-152801620:+:ACTR3B:r",0.0388829171645058,-0.0147512211033704,0.113599110931595
"chr7:152799786-152800530:+:ACTR3B:r",0.25836310349454,0.00256374929805494,0.424969345817389
"chr7:152800656-152801620:+:ACTR3B:r",0.000569239482796862,0.0215687925989939,0.00282722276455775
"chr7:152801732-152814549:+:ACTR3B:r",3.61827478920211e-37,0.264937229229111,5.39122943591114e-35
"chr7:152811734-152814549:+:ACTR3B:r",1.94621942922957e-38,-0.264816209853358,5.79973389910412e-36
"chr7:152813142-152814549:+:ACTR3B:r",0.949376072328644,-0.000788128216924932,0.968883799842246
"chr7:152814646-152820298:+:ACTR3B:r",0.0815472223014228,0.00102629824435076,0.183341634948372
"chr7:152816589-152820298:+:ACTR3B:r",0.357824272459262,-0.000157727859140366,0.53583735272794
"chr7:152819512-152820298:+:ACTR3B:r",0.764083516991256,-0.00122245130780222,0.869486023750187
"chr7:152819894-152820298:+:ACTR3B:r",0.166714283651154,0.00227237132705255,0.312458217157509
"chr7:152820348-152823341:+:ACTR3B:r",7.0661476311475e-09,-0.0661541024654438,6.58034998150611e-08
"chr7:152820443-152823341:+:ACTR3B:r",1.28985493301739e-08,0.0651572940773311,1.16477809102782e-07
"chr7:152825123-152852125:+:ACTR3B:r",0.711169494157164,0.000239360885171958,0.831092193171901
"chr7:152825123-152853493:+:ACTR3B:r",0.266771349464306,0.00223592817404766,0.429718173731693
"chr7:152825123-152854457:+:ACTR3B:r",0.000387325972685013,0.019058427957512,0.00206112749750239
"chr7:152845093-152852125:+:ACTR3B:r",0.197900348231254,0.00300662109287457,0.354382786487375
"chr7:152845540-152852125:+:ACTR3B:r",0.72475326432941,0.00139730812866506,0.840375380428655
"chr7:152852252-152853493:+:ACTR3B:r",0.869874737359705,0.00249190172849256,0.918521488465022
"chr7:152852582-152853493:+:ACTR3B:r",0.184907111258395,-0.00405216375265678,0.34085753595556
"chr7:152853578-152854457:+:ACTR3B:r",0.000490819854409237,-0.0185695257714821,0.00252179856230953
